,author,subreddit,subreddit_id,title,author_created_utc,created_utc
1,RAndrewOhge,Electricity,t5_2qzwz,Distributed Grid Energy Storage Comes of Age with Renewables,1339603108.0,1416970520
2,bidonenergy,Electricity,t5_2qzwz,Bid On Energy - Business Electricity and Natural Gas Rates.,1421336325.0,1421358602
4,cepalmor,Electricity,t5_2qzwz,Switch Your Texas Electricity Provider,1422484423.0,1422484505
6,sherlinsmith111,Electricity,t5_2qzwz,Shop Cheap Electricity - Electric Rates Dallas |Power to Choose Dallas,1423676148.0,1423677041
7,edwardtaylor544,Electricity,t5_2qzwz,Compare Business Electricity Rates - Commercial Energy Rates Dallas,1423679461.0,1423679494
9,epochmx,Electricity,t5_2qzwz,What to do with Unlimited Electricity??,1392159935.0,1425775888
11,antdude,Electricity,t5_2qzwz,Access to electricity linked with reduced sleep,1282772991.0,1434938052
21,homesavingguide,Electricity,t5_2qzwz,"Saving Money on Electricity Bills, Gas Bills | Cheap Gas and Electric",1438938224.0,1439791198
23,Mystihlwontstart,Electricity,t5_2qzwz,Can someone explain electricity to me? I don't get it.,1440039977.0,1440040642
25,KarugaEdwin,Electricity,t5_2qzwz,KPLC Prepaid Electricity Tokens Calculator,1391258518.0,1440490017
31,The_Mighty_Nezha,Electricity,t5_2qzwz,Who buys the electricity that power plants produce?,1364655099.0,1443376320
34,LFSAZA,Electricity,t5_2qzwz,Pay Less for Electricity With these 5 easy Tips,1442331333.0,1444999171
36,GipsyNinja,Electricity,t5_2qzwz,Incredible System Generates Electricity From Plants,1428770093.0,1446019781
37,reefiah,Electricity,t5_2qzwz,Al Wusta Governorate Electricity Services,1435817190.0,1446097273
39,Nicson832,Electricity,t5_2qzwz,Get Protection From Harmful Consequences By Electricity Arcing,1438949504.0,1446449229
42,underj0yed,Electricity,t5_2qzwz,Electricity Concerns and the DIY Landlord,1265682815.0,1446839399
43,WorldTruthTV,Electricity,t5_2qzwz,15 YEAR OLD DEVELOPS A SYSTEM THAT PRODUCES ELECTRICITY FROM OCEAN CURRENTS,1354220711.0,1446852080
44,homesavingguide,Electricity,t5_2qzwz,How to reduce your Gas and Electricity bills,1438938224.0,1446890175
45,jimmyp41,Electricity,t5_2qzwz,New rules on electricity market in UK,1446976339.0,1446977708
46,homesavingguide,Electricity,t5_2qzwz,Tips to Save Money on Electricity Bills,1438938224.0,1447400492
48,ScorpionGamer,Electricity,t5_2qzwz,"Tesla's ""free energy"" generator?",1437691775.0,1447641548
49,lickitorelse,Electricity,t5_2qzwz,I'm a junior in high school interested in learning about electricity. How do I start?,1401643502.0,1447650011
50,messikan009,Electricity,t5_2qzwz,Fuel Freedom Breakthrough :Cut Your Electric Bill,1405359584.0,1447859375
52,_SoulLimbo78,Electricity,t5_2qzwz,New to /r/Electricity - Need help with a project.,1448546802.0,1448548473
54,jwbearing,Electricity,t5_2qzwz,wind energy|slewing bearing for Energy application,1440573548.0,1449460735
55,SilverBazooka10,Electricity,t5_2qzwz,Does my coilgun design look good?,1337645365.0,1449609237
57,momentumenergy,Electricity,t5_2qzwz,Renewable Electricity &amp; Gas Australia | Momentum Energy,1450514988.0,1450518008
60,ssarkauskas,Electricity,t5_2qzwz,Batavia hires big-time lawyers for electricity cost problem,1449264351.0,1452110333
62,freepricecompare,Electricity,t5_2qzwz,How To Reduce Your Home Electricity Bill,1390955897.0,1452237417
64,pr3miere,Electricity,t5_2qzwz,Funny compilation of one mans epic electricity fails,1390835358.0,1452859234
65,Joeanlsa,Electricity,t5_2qzwz,How Free Electricity Helped Dig $9 Billion Hole in Puerto Rico,1430993608.0,1454390550
66,kian45,Electricity,t5_2qzwz,Electricity saving Technology-You Might Want toGet One of These,1367320804.0,1455025416
69,LucineRose,Electricity,t5_2qzwz,Install Eco-Friendly Residential Solar System,1455875118.0,1456217216
71,kakshaycoool,Electricity,t5_2qzwz,Paytm – Get Rs 100 Cashback on Rs 1000 Electricity Bill Payments (5 Times),1434435903.0,1456827102
73,uecnow,Electricity,t5_2qzwz,"Energy Efficiency Consultancy, Helping Organizations In Reducing Expenses",1426505005.0,1456989285
74,FrankVitali007,Electricity,t5_2qzwz,Does static electricity smell like parsnips?,1457380325.0,1457380380
75,electrictybill,Electricity,t5_2qzwz,Electricity Bill,1457352112.0,1457413419
76,Firecracker2020,Electricity,t5_2qzwz,Micro hydroelectricity from whats laying around,1423727663.0,1457488412
77,messikan009,Electricity,t5_2qzwz,Fuel Freedom Breakthrough :Cut Your Electric Bill,1405359584.0,1457697910
80,highvoltpower,Electricity,t5_2qzwz,Electrical Control Panels For Safe Electricity Transmission,1444138193.0,1457963173
84,BeroeInc,Electricity,t5_2qzwz,Japan’s electricity market deregulation - Retailers can profit,1425896837.0,1459240812
86,torcseo,Electricity,t5_2qzwz,Electricity – A Thing Not to Play with,1455019611.0,1459931572
88,Blaspheman,Electricity,t5_2qzwz,Are there any more electricity related subreddits?,1322241556.0,1460281926
90,M-music,Electricity,t5_2qzwz,"""Here’s How Electric Cars Will Cause the Next Oil Crisis"" - Bloomberg Article",1363986275.0,1461589213
91,steveogwar,Electricity,t5_2qzwz,Today I was headed out camping and thinking about what my fav part of electricity is mines guitar hbu?,1460126942.0,1462055478
92,bolognie1,Electricity,t5_2qzwz,How does the grid store energy?,1435570346.0,1462179116
93,holyslot,Electricity,t5_2qzwz,Flexible Solar Cells,1425288913.0,1462348498
94,cheapbills,Electricity,t5_2qzwz,Better Deal For Electricity,1463073798.0,1463074253
95,zombieologist,Electricity,t5_2qzwz,Something must be wrong with the electricity in my house,1436309599.0,1463275960
96,manchester8192,Electricity,t5_2qzwz,Can Smart electric meter be tricked about what is using electricity?,1463790476.0,1463792479
98,uecnow,Electricity,t5_2qzwz,What do you think about Energy Saving Software? Is it helpful?,1426505005.0,1464249054
99,uecnow,Electricity,t5_2qzwz,Learn how to bring Energy Efficiency for your business,1426505005.0,1464255359
100,greenarea,Electricity,t5_2qzwz,A nanomaterial that converts heat and light into electricity[Article],1457433497.0,1464333838
103,526rocks,Electricity,t5_2qzwz,Complete noob question about solar power,1448850269.0,1464466246
105,ucccft,Electricity,t5_2qzwz,Dangers of Lake Electricity,1294848738.0,1464698739
106,mronsaudiarabia,Electricity,t5_2qzwz,Electricity and Power Infrastructure Construction in Saudi Arabia,1462852885.0,1464866233
107,denish-s-raziv,Electricity,t5_2qzwz,"Now save electricity by using this alternative product, I am sure you will love it :)",1446450166.0,1465033148
108,alamintekhab,Electricity,t5_2qzwz,Mobikwik Electricity Bill Payment Coupon - Flat Rs 85 Cashback On Rs 800 Payment,1465279789.0,1465295045
109,octaviatori7,Electricity,t5_2qzwz,Shop Texas Electricity | Compare and Shop Cheap Electricity - Electric Rates Texas,1465551361.0,1465551479
110,octaviatori7,Electricity,t5_2qzwz,Compare Business Electricity Rates - Commercial Energy Rates Texas,1465551361.0,1465554200
111,octaviatori7,Electricity,t5_2qzwz,Compare Residential Electricity Rates and Plans Texas,1465551361.0,1465554913
112,octaviatori7,Electricity,t5_2qzwz,"Power to Choose – Compare and Shop Cheap Electricity Texas, TX",1465551361.0,1465556150
114,rjbradford,Electricity,t5_2qzwz,Best electricity energy rates - My Inspired Media,1464413968.0,1465625356
116,octaviatori7,Electricity,t5_2qzwz,Bring The Energy Companies to You,1465551361.0,1466666251
117,octaviatori7,Electricity,t5_2qzwz,Custom Green Business Electricity Rates in Texas,1465551361.0,1466671066
118,octaviatori7,Electricity,t5_2qzwz,Fixed or Variable? Finding the Best Houston Electricity Rates,1465551361.0,1466672316
120,octaviatori7,Electricity,t5_2qzwz,How to Get a Good Residential Electricity Plan,1465551361.0,1466769742
121,octaviatori7,Electricity,t5_2qzwz,Beat the Heat and Rising Houston Electricity Rates,1465551361.0,1466830150
127,crazyinfo,Electricity,t5_2qzwz,LIST OF COUNTRIES BY ELECTRICITY GENERATION,1467776034.0,1467778903
129,crazyinfo,Electricity,t5_2qzwz,List of Countries by Electricity Exports,1467776034.0,1467865441
130,anushkarane786,Electricity,t5_2qzwz,Couplings Market Growth to 2020 Driven by Wind Power Capacity Growth,1466668709.0,1467969927
131,Fyrebend,Electricity,t5_2qzwz,need help understanding electricity usage,1462385260.0,1468195095
132,JonesNoah,Electricity,t5_2qzwz,An Expert Way To Use Electricity,1467697999.0,1468240825
133,Mamothamon,Electricity,t5_2qzwz,why we must paid for electricity?,1456775529.0,1468427624
134,fogelquistpoet1962,Electricity,t5_2qzwz,"Electricity generated with water, salt and a 3-atoms-thick membrane",1468061170.0,1468449977
135,octaviatori7,Electricity,t5_2qzwz,Compare Cheap Electricity - Electric Rates Texas | Shop Texas Electricity,1465551361.0,1468481343
136,johnsabraham,Electricity,t5_2qzwz,Who on the eastern seaboard can forget the major electricity outage of 2003,1463307029.0,1468483962
137,waynewye,Electricity,t5_2qzwz,Energy management firms continue to ride a wave of success.,1462948593.0,1468484136
138,vulcan_hammer,Electricity,t5_2qzwz,Running 12v electronics directly off solar system battery bank.,1397833865.0,1468848112
140,grumpyoldwoman,Electricity,t5_2qzwz,How To Cut The Cost Of Your Electricity Bills,1257263392.0,1469098726
141,anushkarane786,Electricity,t5_2qzwz,Gas Turbine Market to Grow at 3.49% CAGR Driven by Power Generation Applications to 2020,1466668709.0,1469190948
143,fpeckingorder,Electricity,t5_2qzwz,Burning rubber smell from window a/c unit? Or circuit problem?,1464404183.0,1469242683
145,a-brief-histroy-of,Electricity,t5_2qzwz,A Brief History Of Electricity,1468564147.0,1469588575
147,Fanny_O_Rear,Electricity,t5_2qzwz,"question about lightning, electricity, and laptops.",1450757246.0,1470199259
149,seekthe_deal,Electricity,t5_2qzwz,"Compare Electricity, Gas and Health Insurance",1470657156.0,1470657212
154,shoaibalvi014,Electricity,t5_2qzwz,role of electromagnetic induction in electricity..,1469331344.0,1471568914
156,iswitchpvt,Electricity,t5_2qzwz,Electricity Retailers Singapore,1471855833.0,1471855961
157,SpartacusOwnz,Electricity,t5_2qzwz,does electricity feel good on the genitals?,1451842780.0,1471908185
158,kiwienergy,Electricity,t5_2qzwz,Count on Energy Suppliers in Rochester NY for Cost-Effective Solutions,1458020691.0,1471934496
160,Aggressivebomber,Electricity,t5_2qzwz,"Is renewable energy(Damns, Solar, wind, bio fuel.ect) currently more efficient that the standard coal plant?",1472133724.0,1472134110
161,VswitchUsave-,Electricity,t5_2qzwz,10 Quick Tips to Save Money on your Electricity Bill,1472281425.0,1472281828
166,iswitchpvt,Electricity,t5_2qzwz,Electricity Distribution Company,1471855833.0,1472471143
169,freepricecompare,Electricity,t5_2qzwz,Compare Gas &amp; Electricity Energy Price in UK | Free Price Compare,1390955897.0,1472716650
170,SpecialHead,Electricity,t5_2qzwz,Achieving Levitation With A Tesla Coil,1399451445.0,1473027928
178,Quest-for-Glory,Electricity,t5_2qzwz,How does the green electricity is measured?,1460146412.0,1473459520
179,bioelectrobot,Electricity,t5_2qzwz,Electricity,1468266603.0,1473462543
182,seekthedeal,Electricity,t5_2qzwz,"Solar Panels, Cheap Electricity and Gas",1467005996.0,1473664403
189,Hillary4All,Electricity,t5_2qzwz,could a whole computer run more efficiently off a dc power source? (solar is what I am thinking),1468382991.0,1473986098
190,Aroumia,Electricity,t5_2qzwz,"Going to study electricity, but i need to do a test about it first. Maybe you guys have some mnemonic?",1389882275.0,1474040444
197,jessicamendoza021980,Electricity,t5_2qzwz,Save More on Your Monthly Energy Bill with These Illuminating Ideas,1465425998.0,1474487854
200,olivianelson076,Electricity,t5_2qzwz,Electricity Transmission and Distribution - NRG Expert,1403543424.0,1474616247
201,inventiontimeline,Electricity,t5_2qzwz,HOW TO GENERATES ELECTRICITY FROM THE OCEANS,1468489363.0,1475048208
202,Thrillingfacts,Electricity,t5_2qzwz,#Flowbatteries #Organicmolecule(B2). It's a Sample which can store electricity from renewable energy sources. Source: #Harvard,1474265256.0,1475062611
203,Thrillingfacts,Electricity,t5_2qzwz,#Flowbatteries #Organicmolecule(B2). It's a Sample which can store electricity from renewable energy sources. Source: #Harvard,1474265256.0,1475064912
205,Snap_Brook,Electricity,t5_2qzwz,Snap Energy Texas,1475742244.0,1475742342
207,Roguevade,Electricity,t5_2qzwz,How much would it cost electricity bill if I charge galaxy s6 for one year and never take it out?,1455058286.0,1476047901
208,vswitchusave,Electricity,t5_2qzwz,Guide to Understand your Energy Bills,1461561909.0,1476076613
210,Quest-for-Glory,Electricity,t5_2qzwz,How is it possible to use at night electricity produced by solar sources during the day?,1460146412.0,1476135093
212,haxvious,Electricity,t5_2qzwz,help with coilgun for a semi autonomous tank project,1430661489.0,1476292458
213,Akoustyk,Electricity,t5_2qzwz,"I'd like to get a good grasp of electricity and how it works, how best to do that?",1347505101.0,1476386467
214,acacia_energy,Electricity,t5_2qzwz,Acacia Energy Texas - Prepaid Electricity Provider,1476424983.0,1476425341
215,leonardomir,Electricity,t5_2qzwz,Compare ALL UK electricity suppliers,1475073501.0,1476452445
216,nmoleo64reader,Electricity,t5_2qzwz,Electricity from Phone Line: Is it Legal?,1474809678.0,1476477292
218,DemonSnake90,Electricity,t5_2qzwz,I can't live without electricity,1461230293.0,1476649274
219,seekthe_deal,Electricity,t5_2qzwz,How to Make Electricity Comparison to Find the Best Deals?,1470657156.0,1476697581
220,paybackbazaar1,Electricity,t5_2qzwz,Reliance Energy Electricity Bill,1476356351.0,1476708263
222,iswitchpvt,Electricity,t5_2qzwz,Electricity Retailers Singapore,1471855833.0,1476772184
232,olikkuma,Electricity,t5_2qzwz,Converting energy.,1470086906.0,1477263076
233,cmorales2016,Electricity,t5_2qzwz,Energy Transmission System Design Considerations and Constraints,1460419412.0,1477290384
237,rosair,Electricity,t5_2qzwz,Kickstarter for the ArcSling motion Converter that turns kinetic energy into electricity.,1473496720.0,1477410641
238,sem311,Electricity,t5_2qzwz,ArcSling Motion Converter - Turn Movement into Electricity,1474742155.0,1477412940
239,minoguio,Electricity,t5_2qzwz,The International Energy Agency says that the world's capacity to generate electricity from renewable sources has now overtaken coal.,1472452568.0,1477421988
240,humphreyzogart,Electricity,t5_2qzwz,Venture capital investments in the energy storage sector topped $175 million in the first half of 2016,1426280054.0,1477503672
242,Quest-for-Glory,Electricity,t5_2qzwz,how are the co2 emissions calculated from the electricity production?,1460146412.0,1477557706
243,bharatbooks,Electricity,t5_2qzwz,Electricity Costs and Economics,1314005515.0,1477559170
244,ANTAL90,Electricity,t5_2qzwz,It's an Electricity duplicity,1452090353.0,1477569053
245,pintod,Electricity,t5_2qzwz,बिजली का बिल कम करने के 14 उपाय 14 Ways To Reduce Your Electricity Bill,1477655881.0,1477657056
247,thatguyneedham,Electricity,t5_2qzwz,Can gasses be launched with electromagnetism?,1450027640.0,1477708625
249,iswitchpvt,Electricity,t5_2qzwz,Cheap Electricity Suppliers,1471855833.0,1477980547
250,PetroleumEconomist,Electricity,t5_2qzwz,Electricity generated from renewable energy will soar over the next five years. Wind and solar will lead the charge,1463150057.0,1478021276
251,kmjamal,Electricity,t5_2qzwz,How to Check Dual Rate Electricity Meter Reading (EDF Energy),1268132539.0,1478069343
252,missileguy,Electricity,t5_2qzwz,"ARCADIA POWER LETS ANYONE IN THE US BUY SOLAR PANELS AT REMOTE FARMS, ELIMINATING THE NEED FOR ROOFTOP INSTALLATION Â QUARTZ.",1474091193.0,1478324821
253,Gremlin77,Electricity,t5_2qzwz,Constant hot leg on a coil,1442937555.0,1478448485
256,Isladris,Electricity,t5_2qzwz,Strange Electricity bill (1 person house = $1200),1464337730.0,1478744870
260,Vital_Power,Electricity,t5_2qzwz,Understand the Difference Between Prepaid and Postpaid Electricity.,1477028052.0,1479473973
261,Koliyar,Electricity,t5_2qzwz,8 ways to reduce your electricity bill - save money,1476976923.0,1479636092
262,boonelectrical,Electricity,t5_2qzwz,Saving On Electricity Bills Saves The Environment Too!,1460374101.0,1479804209
263,boonelectrical,Electricity,t5_2qzwz,Advantages and Tips Of Saving Electricity,1460374101.0,1479804980
264,boonelectrical,Electricity,t5_2qzwz,Benefits of Saving Electricity,1460374101.0,1479807025
266,presidentme1,Electricity,t5_2qzwz,Would 200 miles of solar panels be enough to power a city?,1462045756.0,1480307747
267,sureshjoseph,Electricity,t5_2qzwz,electricity,1480227634.0,1480323350
270,arnie00717,Electricity,t5_2qzwz,"Electricity Industry - UK - November 2016, Trends, Share, Size Research Report",1205480066.0,1480764404
271,bobthetechguy,Electricity,t5_2qzwz,I honestly wasn't shocked to find out there is a subreddit about electricity,1318310801.0,1480773833
272,Donut_2016,Electricity,t5_2qzwz,How many nuclear reactors would it take to power all of canada?,1474063342.0,1480826322
274,RoofPower,Electricity,t5_2qzwz,Paying $700 monthly for Hydro - Should I go gas or get solar panels? [XPOST from /r/ontario],1481124098.0,1481126162
275,Tm96,Electricity,t5_2qzwz,"Lost Power a Few Days Ago, Now Boiler Runs Constantly (cross posted at r/plumbing)",1401682555.0,1481199459
279,georgeccrr,Electricity,t5_2qzwz,Business Electricity Quote | Cheap Business Electricity | Business Electricity Rates,1481880650.0,1481881001
280,sameer199969,Electricity,t5_2qzwz,EDF To Cut Gas Prices But Raise Electricity Prices,1472036599.0,1481971194
281,futureentech,Electricity,t5_2qzwz,The Agra City Might Soon Have Less Pollution and More Electricity with Waste-To-Energy Plant,1441376808.0,1482139808
282,scttdwsn,Electricity,t5_2qzwz,Business Electricity Supplier | Business Electricity Rates | Business Electricity Quote,1482147599.0,1482147915
283,FloatLife,Electricity,t5_2qzwz,Why does soil/earth act as a ground?,1466781099.0,1482183451
284,kdsablaon,Electricity,t5_2qzwz,Experts develop a kind of silk that can conduct electricity.,1481173564.0,1482206560
289,iMerika,Electricity,t5_2qzwz,Would a semi-wet towel conduct electricity?,1371227583.0,1482459894
291,MeowthFedora,Electricity,t5_2qzwz,Can a small solar panel circuit be overloaded?,1475092697.0,1482651892
293,MithrilEcho,Electricity,t5_2qzwz,Live display of CO2 emitted to produce electricity in European countries (x-post from /r/dataisbeautiful/),1469899484.0,1482942732
295,pinkiwebspy,Electricity,t5_2qzwz,Electricity and Gas Rates Comparison,1482986148.0,1482986522
296,presidentme1,Electricity,t5_2qzwz,Someone should make a universal plug for celling fans and house hook ups. Im tired of always hooking the wires up. A plug for electrical out lets would be awsome to. 👍,1462045756.0,1482990832
297,alabrico,Electricity,t5_2qzwz,Can I have the electricity cable between the electric radiator and the wall?,1469370456.0,1483034389
298,streetffightingman,Electricity,t5_2qzwz,How far away can your house be from a power pole to be powered for electricity?,1425253457.0,1483379840
299,JabbaThePizzaHutt,Electricity,t5_2qzwz,how can i CAlculate total energy draw available?,1379908606.0,1483380165
300,kdsablaon,Electricity,t5_2qzwz,hilarious man electrocute his self repeatedly to prove electricity stunts are fraud!,1481173564.0,1483411191
303,iEATu23,Electricity,t5_2qzwz,How does the body make electricity -- and how does it use it?,1326513101.0,1483759514
304,nagireddy123,Electricity,t5_2qzwz,"Smart Electricity Meters Market - By Phase (Single &amp; Three Phase); By Application (Commercial, Industrial, Residential); By Application (Analog Meter, Digital Meter, Smart Meter); By Industry (Auto Mobile, Oil &amp; Gas, Mining, Water Treatment) - Forecast 2016 - 2021.",1459576127.0,1483957697
305,BodetGrrla,Electricity,t5_2qzwz,how is Australia not covered with solar panels?,1395999841.0,1484039697
309,Karpukoly,Electricity,t5_2qzwz,"""What is Electricity?""",1470805350.0,1484358086
313,Knighthonor,Electricity,t5_2qzwz,"What is the unit that batteries use for measuring how much energy is stored on it, such as in a Phone backup storage supply, it in a electric scooter?",1332649925.0,1484721003
314,PoliciesMatter,Electricity,t5_2qzwz,LIVE CARBON IMPACT OF FRENCH ELECTRICITY IMPORTS,1481639854.0,1484758895
315,nava480,Electricity,t5_2qzwz,Como Obtener “ENERGÍA GRATIS”! (Electricidad y/o Gas)1,1283232589.0,1484785762
319,valentinechris,Electricity,t5_2qzwz,Electricity Companies with no Deposit,1474526212.0,1485235348
320,valentinechris,Electricity,t5_2qzwz,Prepaid Electricity Houston,1474526212.0,1485332822
322,Quest-for-Glory,Electricity,t5_2qzwz,"Quotes about electricity, especially sustainable electricity?",1460146412.0,1485480255
323,wfelectricity,Electricity,t5_2qzwz,WF Electricity,1485762235.0,1485762328
325,Aymanbb,Electricity,t5_2qzwz,Electricity/non-grounded outlets and PC.,1380339429.0,1485896762
326,pickledmonster,Electricity,t5_2qzwz,How to reach certain temperature in copper coils with induction heating?,1452150556.0,1485931137
327,blowtorchvswww,Electricity,t5_2qzwz,High voltage VS Toast Full Of Gasoline,1475598134.0,1485941770
329,jybenntteee,Electricity,t5_2qzwz,Business Electricity | Business Electricity Quote | Business Electricity Suppliers,1486174147.0,1486174352
331,fit4beast,Electricity,t5_2qzwz,Reducing electricity bill? Check this out!,1445444088.0,1486212932
332,cleogirfith,Electricity,t5_2qzwz,Business Electricity Rates | Business Electricity Suppliers | Business Electricity,1486466441.0,1486466629
333,aidnaoclli,Electricity,t5_2qzwz,Half Hourly Electricity | Half Hourly Electricity Suppliers | Half Hourly Electricity Prices,1486543596.0,1486543729
334,Philip_Brook,Electricity,t5_2qzwz,Find Electricity Providers in Texas,1486968013.0,1486969135
335,Philip_Brook,Electricity,t5_2qzwz,prepaid Electricity in Texas - Snap Energy Texas,1486968013.0,1486978497
336,evnoween,Electricity,t5_2qzwz,Half Hourly Electricity | Half Hourly Electricity Prices | Half Hourly Electricity Suppliers,1486983815.0,1486984115
337,tylrotulree,Electricity,t5_2qzwz,Half Hourly Electricity Suppliers | Half Hourly Electricity | Half Hourly Electricity Prices,1487065096.0,1487065315
339,jcksnoemd,Electricity,t5_2qzwz,Business Electricity | Business Electricity Rates | Business Electricity Supplier,1487150362.0,1487150618
341,SanDiegoMitch,Electricity,t5_2qzwz,Questions about creating a desk generator/bicycle to charge a cell phone while I work,1329020899.0,1487225892
342,energyenvironment,Electricity,t5_2qzwz,Energy Environment Foundation,1487321968.0,1487322136
343,PVSBuilders,Electricity,t5_2qzwz,Top 10 Ways To Save Electricity In Your Home In Kerala,1475323522.0,1487393781
345,preciousia,Electricity,t5_2qzwz,How much electricity does this USB 1.0 device consume?,1472365262.0,1487774636
346,Palakahuja,Electricity,t5_2qzwz,Countries where many people are still living in the dark.Percentage of population that has access to electricity.,1485170476.0,1487932107
347,wfelectricity,Electricity,t5_2qzwz,Electricity Savings – How to Save on Electric Bills,1485762235.0,1487961393
348,wress,Electricity,t5_2qzwz,Can Electricity can be used as wifi works,1455114926.0,1488006430
349,DustyGreyFox,Electricity,t5_2qzwz,"Does anything odd ever happen electricity-wise, right on the other side of the utility box, on the inside of the house?",1375930501.0,1488203517
352,wfelectricity,Electricity,t5_2qzwz,Quick and Easy Ways to #Conserve #Electricity,1485762235.0,1488373345
353,Antigravityforce,Electricity,t5_2qzwz,"You Are ""Light Energy""",1483389569.0,1488394619
354,jonnewmn,Electricity,t5_2qzwz,Half Hourly Electricity | Half Hourly Electricity Suppliers,1488449290.0,1488449958
356,SuperOCDstillJustMe,Electricity,t5_2qzwz,"I know nothing about electricity, but this is what my bedroom light fixture looked like when I took the glass off to clean it. Safe or sketchy?",1487662817.0,1488771856
358,GeneralPuncake,Electricity,t5_2qzwz,"As someone who has never worked with electricity, how can I have kids discover what lightbulbs are better for the enviroment?",1444606353.0,1488984576
360,amandafarleigh,Electricity,t5_2qzwz,Post Paid Electricity in Texas,1489127786.0,1489128265
363,3D_Effect,Electricity,t5_2qzwz,28 000 kilowatts yearly use of electricity?,1363909444.0,1489262879
364,DSWphoenix,Electricity,t5_2qzwz,Buzzing the brain with electricity can boost working memory,1489359947.0,1489512024
366,kaushikqi,Electricity,t5_2qzwz,Disney develops wireless electricity,1428390707.0,1490098972
367,amandafarleigh,Electricity,t5_2qzwz,Month to Month Electricity No Deposit,1489127786.0,1490602869
375,ValexYes,Electricity,t5_2qzwz,Would an electricity consumption meter affect the flow between the wall socket and the plug?,1482856410.0,1491948740
376,James1020wang,Electricity,t5_2qzwz,Good quality solar cable,1490602758.0,1491961409
377,freepricecompare,Electricity,t5_2qzwz,Half Hourly Electricity Prices,1390955897.0,1492155659
382,amandafarleigh,Electricity,t5_2qzwz,Acacia Energy,1489127786.0,1492503129
384,charlesmartin173,Electricity,t5_2qzwz,Smart Meters Market Driven By The Need To Reduce Electricity Wastage,1336811459.0,1492607287
386,James1020wang,Electricity,t5_2qzwz,Good solar cable,1490602758.0,1492755225
387,compareelectricity,Electricity,t5_2qzwz,no deposit electricity,1492836559.0,1492836618
388,compareelectricity,Electricity,t5_2qzwz,no credit electricity,1492836559.0,1492837264
389,compareelectricity,Electricity,t5_2qzwz,cheap electricity in texas,1492836559.0,1492837909
390,compareelectricity,Electricity,t5_2qzwz,prepaid electricity,1492836559.0,1492838687
391,quincybudget,Electricity,t5_2qzwz,How Much is Electricity,1491803303.0,1492838901
392,compareelectricity,Electricity,t5_2qzwz,A Look at the Advantages Inherent in the No Deposit Electricity Supply Schemes in Texas,1492836559.0,1492839797
395,James1020wang,Electricity,t5_2qzwz,Good quality solar cable,1490602758.0,1492996193
396,JC_EDU-TW,Electricity,t5_2qzwz,Greetings /r/Electricity! May I have just a moment of your time?,1492958135.0,1493004739
397,masturbates2Dragons,Electricity,t5_2qzwz,Can electricity be 'added' to a wire that already has a current moving through it?,1418181325.0,1493034186
402,MarsNirgal,Electricity,t5_2qzwz,Flywheel energy storage?,1444371168.0,1493241183
404,James1020wang,Electricity,t5_2qzwz,TUV Certificate solar cable,1490602758.0,1493369699
405,Crovali,Electricity,t5_2qzwz,Does iPhone Charging Cable Use Up Electricity?,1350229821.0,1493405701
406,aashleylove,Electricity,t5_2qzwz,Electricity Consumption,1484719598.0,1493703058
407,Zorays,Electricity,t5_2qzwz,What is Net Metering? - Zorays Solar Pakistan,1222455162.0,1493732697
408,punkthesystem,Electricity,t5_2qzwz,Imperfect Markets versus Imperfect Regulation in U.S. Electricity Generation,1445447254.0,1493792468
411,Lynnkemp81,Electricity,t5_2qzwz,The best of Prepaid Electricity.,1487148842.0,1493898901
416,oliviaavataylor,Electricity,t5_2qzwz,Freedom Plan - Prepaid Electricity | Now Power Texas,1486446628.0,1494394444
418,amandafarleigh,Electricity,t5_2qzwz,Acacia Energy in Houston TX,1489127786.0,1494399735
419,davismiller117,Electricity,t5_2qzwz,"Electricity Providers in houston, TX",1483966640.0,1494412161
420,harrisclark7389,Electricity,t5_2qzwz,Just how Residential Electricians Could Assist Maintain Children Safe Around Electricity,1490949440.0,1494415850
421,enki09,Electricity,t5_2qzwz,Ac Electricity and Water Creates Heat With No Current,1239640128.0,1494416721
425,vswitchusave,Electricity,t5_2qzwz,Six Reasons Your Electricity Bill is High,1461561909.0,1494675810
426,jmacd2918,Electricity,t5_2qzwz,Solar path lights- PV output and is it worth it to upgrade AA batteries?,1443147190.0,1494793220
430,Energy_Karel,Electricity,t5_2qzwz,The surprising story of the decline of electricity use in American households,1425397055.0,1494836192
432,seekthe_deal,Electricity,t5_2qzwz,"Solar Panel Comparison, Cheap Solar Panels, Cheap Solar Electricity",1470657156.0,1494914507
433,Y0hi,Electricity,t5_2qzwz,Electricity + oil,1478406499.0,1495019347
436,amandafarleigh,Electricity,t5_2qzwz,Cheap Electricity No Deposit | Akonter,1489127786.0,1495526852
437,Electric_Generations,Electricity,t5_2qzwz,forthcoming Exhibition coming in Dublin and Manchester -- electric generations: the story of electricity in the irish home (thanks to the mods for letting us post this),1493054367.0,1495571894
438,amandafarleigh,Electricity,t5_2qzwz,Prepaid Electricity Free Nights and Weekends,1489127786.0,1495617130
439,andreasconner,Electricity,t5_2qzwz,How to Save Your Electricity Bills by Using Air Conditioner Smartly?,1489749334.0,1495618778
440,amandafarleigh,Electricity,t5_2qzwz,2 Months free energy in Texas | Acacia Energy,1489127786.0,1495792463
444,savealotsolar,Electricity,t5_2qzwz,5 benefits you get by supporting Bay Area Solar Companies,1475135107.0,1496115391
446,SlaversBae,Electricity,t5_2qzwz,Please help me understand how much electricity my split system aircon uses per hour! More info in comments,1464584064.0,1496213607
447,benhthoatvidiadem,Electricity,t5_2qzwz,Mua lò quay vịt bằng gas 80cm giá rẻ cao cấp,1470046353.0,1496216538
456,vswitchusave,Electricity,t5_2qzwz,Six Reasons Your Electricity Bill is High,1461561909.0,1496663792
458,vyqz,Electricity,t5_2qzwz,Need best solar setup for shed to float charge vehicles and power lights,1289091865.0,1496852917
461,vyqz,Electricity,t5_2qzwz,How do I set up a solar charging system that keeps multiple batteries charged while others are in use?,1289091865.0,1496943337
466,Itchy_nuts,Electricity,t5_2qzwz,Learning about electricity,1480358351.0,1497351478
468,Pentaxed,Electricity,t5_2qzwz,Poor nyc electricity,1435669740.0,1497442213
472,jamesparkar,Electricity,t5_2qzwz,Solar Electricity Company,1471610756.0,1498110816
479,James1020wang,Electricity,t5_2qzwz,How to choose good PV1-F Solar Cable 4mm2,1490602758.0,1499223973
486,solarlanternsmanufac,Electricity,t5_2qzwz,Solar Fan – Solar Ceiling Fan manufacturers in India,1479812870.0,1499847479
487,Bistt,Electricity,t5_2qzwz,Need help with electricity going out in 2 rooms,1493015688.0,1500164660
490,peter_pan009,Electricity,t5_2qzwz,Can paper conduct electricity ?,1491667471.0,1500818152
492,amandafarleigh,Electricity,t5_2qzwz,Various Ways to Lower Your Residential Energy Utility Bills,1489127786.0,1500983654
